{"loss": 0.5122385621070862, "accuracy": 0.9482758641242981}